app_id,application_name
0cbf0519-9d73-4451-b6f2-6f1a3715cd3e,Trouble Ticket System
ce0f0193-e253-4c97-a004-2473f6b6ba8e,Product Backlog System
744b30b1-b138-4e67-849d-37cdee4c1482,Mail System
0985937e-7a75-4f39-ab27-918714c464a7,Seller Service
ac2f45d2-0f21-4018-bc44-5fb16bb2c321,Shipper Service
ee2f97aa-9c8c-4438-8107-22806b303540,Buyer Portal
86c82200-42c1-4d26-ac1f-fad2f49bfaaa,Product Backlog Interface
bee0ede7-4331-442e-9427-94adf46413da,Mail Interface
18a3b3cb-e569-42f0-9d38-46b69729fbd9,Seller Service Interface
97d36fd0-fde6-466d-aa18-a6f0208f6cb0,Shipper Service Interface
ea428972-5468-4726-a1ca-212e12f3bda2,SAP SD
7104519e-2f7d-4a6e-a54f-6fb6b76ed5c2,SAP WM
4718e8ad-f02b-4aae-9f4c-40ac0af0b9e1,SAP FI
72ce06ef-25c5-4d8d-941f-d9ba8836f4af,Microsoft Outlook
c49b35b5-9247-4ebf-9531-f1947c17e080,SAP SRM
38638b1f-c743-47e0-92d5-13ede756ff68,Microsoft Excel
87e563a7-a509-41fe-8874-b76197445fc8,DocuSign
d9dfe63d-1555-4534-8f03-44eec015b11e,Jira Service Management
e12d16db-4533-474a-866e-ce4f7c341166,Microsoft Teams
